expt,cond,rep,time (h),pixelRange,X0,shift (μm),redPixelRange,greenPixelRange,redX0,greenX0,RFP shift (μm),GFP shift (μm),[Ampicillin] (mg/mL),[Kanamycin] (mg/mL),position (μm)
250standalone_ampGrad,0x,1,0,116-140,307.32912228172825,0.0,,116-140,,307.32912228172825,,0.0,0.0,,
250standalone_ampGrad,0x,1,2,116-140,326.4481066244454,19.11898434271717,,116-140,,326.4481066244454,,19.11898434271717,0.0,,
250standalone_ampGrad,0x,1,4,116-140,379.08105021166466,71.75192792993641,,116-140,,379.08105021166466,,71.75192792993641,0.0,,
250standalone_ampGrad,0x,1,6,116-140,441.2152148332397,133.88609255151147,,116-140,,441.2152148332397,,133.88609255151147,0.0,,
250standalone_ampGrad,0x,1,8,116-140,538.6350062181007,231.30588393637242,,116-140,,538.6350062181007,,231.30588393637242,0.0,,
250standalone_ampGrad,0x,1,10,116-140,266.2569088080345,-41.07221347369375,,116-140,,266.2569088080345,,-41.07221347369375,0.0,,
250standalone_ampGrad,0x,2,0,116-140,311.8288167863423,0.0,,116-140,,311.8288167863423,,0.0,0.0,,
250standalone_ampGrad,0x,2,2,116-140,331.85148614941147,20.022669363069156,,116-140,,331.85148614941147,,20.022669363069156,0.0,,
250standalone_ampGrad,0x,2,4,116-140,383.3079592398339,71.47914245349159,,116-140,,383.3079592398339,,71.47914245349159,0.0,,
250standalone_ampGrad,0x,2,6,116-140,449.79549959172505,137.96668280538273,,116-140,,449.79549959172505,,137.96668280538273,0.0,,
250standalone_ampGrad,0x,2,8,116-140,535.8267910988214,223.99797431247913,,116-140,,535.8267910988214,,223.99797431247913,0.0,,
250standalone_ampGrad,0x,2,10,116-140,481.6940267939165,169.8652100075742,,116-140,,481.6940267939165,,169.8652100075742,0.0,,
250standalone_ampGrad,0x,3,0,116-140,326.71237278771775,0.0,,116-140,,326.71237278771775,,0.0,0.0,,
250standalone_ampGrad,0x,3,2,116-140,349.23640703516753,22.524034247449777,,116-140,,349.23640703516753,,22.524034247449777,0.0,,
250standalone_ampGrad,0x,3,4,116-140,402.6820690260474,75.96969623832962,,116-140,,402.6820690260474,,75.96969623832962,0.0,,
250standalone_ampGrad,0x,3,6,116-140,466.85842001117095,140.1460472234532,,116-140,,466.85842001117095,,140.1460472234532,0.0,,
250standalone_ampGrad,0x,3,8,116-140,530.7925043808109,204.08013159309314,,116-140,,530.7925043808109,,204.08013159309314,0.0,,
250standalone_ampGrad,0x,3,10,116-140,399.5014413402938,72.78906855257605,,116-140,,399.5014413402938,,72.78906855257605,0.0,,
250standalone_ampGrad,1x,1,0,116-140,326.1285725386912,0.0,,116-140,,326.1285725386912,,0.0,0.1,,
250standalone_ampGrad,1x,1,2,116-140,342.8816535829489,16.753081044257726,,116-140,,342.8816535829489,,16.753081044257726,0.1,,
250standalone_ampGrad,1x,1,4,116-140,395.8153106019839,69.68673806329275,,116-140,,395.8153106019839,,69.68673806329275,0.1,,
250standalone_ampGrad,1x,1,6,116-140,462.82341569148167,136.6948431527905,,116-140,,462.82341569148167,,136.6948431527905,0.1,,
250standalone_ampGrad,1x,1,8,116-140,565.2438736651998,239.1153011265086,,116-140,,565.2438736651998,,239.1153011265086,0.1,,
250standalone_ampGrad,1x,1,10,116-140,762.4316104724384,436.3030379337472,,116-140,,762.4316104724384,,436.3030379337472,0.1,,
250standalone_ampGrad,1x,2,0,116-140,323.0445078854929,0.0,,116-140,,323.0445078854929,,0.0,0.1,,
250standalone_ampGrad,1x,2,2,116-140,341.12334539306374,18.078837507570825,,116-140,,341.12334539306374,,18.078837507570825,0.1,,
250standalone_ampGrad,1x,2,4,116-140,392.13224002770795,69.08773214221503,,116-140,,392.13224002770795,,69.08773214221503,0.1,,
250standalone_ampGrad,1x,2,6,116-140,453.5215421896433,130.47703430415038,,116-140,,453.5215421896433,,130.47703430415038,0.1,,
250standalone_ampGrad,1x,2,8,116-140,529.9707893237544,206.92628143826147,,116-140,,529.9707893237544,,206.92628143826147,0.1,,
250standalone_ampGrad,1x,2,10,116-140,302.43537083606986,-20.609137049423055,,116-140,,302.43537083606986,,-20.609137049423055,0.1,,
250standalone_ampGrad,1x,3,0,116-140,317.5201807076617,0.0,,116-140,,317.5201807076617,,0.0,0.1,,
250standalone_ampGrad,1x,3,2,116-140,335.49862650224145,17.978445794579727,,116-140,,335.49862650224145,,17.978445794579727,0.1,,
250standalone_ampGrad,1x,3,4,116-140,387.1147756806132,69.59459497295148,,116-140,,387.1147756806132,,69.59459497295148,0.1,,
250standalone_ampGrad,1x,3,6,116-140,447.44944747350854,129.92926676584682,,116-140,,447.44944747350854,,129.92926676584682,0.1,,
250standalone_ampGrad,1x,3,8,116-140,525.6247244407144,208.1045437330527,,116-140,,525.6247244407144,,208.1045437330527,0.1,,
250standalone_ampGrad,1x,3,10,116-140,482.7562512333712,165.23607052570947,,116-140,,482.7562512333712,,165.23607052570947,0.1,,
250standalone_ampGrad,3x,1,0,116-140,317.44390370813505,0.0,,116-140,,317.44390370813505,,0.0,0.31622776601683794,,
250standalone_ampGrad,3x,1,2,116-140,341.4877934636121,24.04388975547704,,116-140,,341.4877934636121,,24.04388975547704,0.31622776601683794,,
250standalone_ampGrad,3x,1,4,116-140,407.78070477906675,90.3368010709317,,116-140,,407.78070477906675,,90.3368010709317,0.31622776601683794,,
250standalone_ampGrad,3x,1,6,116-140,499.5357279521343,182.09182424399927,,116-140,,499.5357279521343,,182.09182424399927,0.31622776601683794,,
250standalone_ampGrad,3x,1,8,116-140,565.3098650049003,247.86596129676525,,116-140,,565.3098650049003,,247.86596129676525,0.31622776601683794,,
250standalone_ampGrad,3x,1,10,116-140,7.279440933877146,-310.1644627742579,,116-140,,7.279440933877146,,-310.1644627742579,0.31622776601683794,,
250standalone_ampGrad,3x,2,0,116-140,319.59958317768945,0.0,,116-140,,319.59958317768945,,0.0,0.31622776601683794,,
250standalone_ampGrad,3x,2,2,116-140,345.341958173104,25.742374995414536,,116-140,,345.341958173104,,25.742374995414536,0.31622776601683794,,
250standalone_ampGrad,3x,2,4,116-140,403.81466293730233,84.21507975961288,,116-140,,403.81466293730233,,84.21507975961288,0.31622776601683794,,
250standalone_ampGrad,3x,2,6,116-140,492.33821015705445,172.738626979365,,116-140,,492.33821015705445,,172.738626979365,0.31622776601683794,,
250standalone_ampGrad,3x,2,8,116-140,566.8725303475596,247.27294716987018,,116-140,,566.8725303475596,,247.27294716987018,0.31622776601683794,,
250standalone_ampGrad,3x,2,10,116-140,326.12998975457015,6.530406576880694,,116-140,,326.12998975457015,,6.530406576880694,0.31622776601683794,,
250standalone_ampGrad,3x,3,0,116-140,323.8623644996318,0.0,,116-140,,323.8623644996318,,0.0,0.31622776601683794,,
250standalone_ampGrad,3x,3,2,116-140,346.31271529047007,22.450350790838286,,116-140,,346.31271529047007,,22.450350790838286,0.31622776601683794,,
250standalone_ampGrad,3x,3,4,116-140,402.8886977396573,79.02633324002551,,116-140,,402.8886977396573,,79.02633324002551,0.31622776601683794,,
250standalone_ampGrad,3x,3,6,116-140,483.12220226754874,159.25983776791696,,116-140,,483.12220226754874,,159.25983776791696,0.31622776601683794,,
250standalone_ampGrad,3x,3,8,116-140,551.5515180043201,227.6891535046883,,116-140,,551.5515180043201,,227.6891535046883,0.31622776601683794,,
250standalone_ampGrad,3x,3,10,116-140,521.2199059733371,197.35754147370528,,116-140,,521.2199059733371,,197.35754147370528,0.31622776601683794,,
250standalone_ampGrad,10x,1,0,116-140,315.680162370392,0.0,,116-140,,315.680162370392,,0.0,1.0,,
250standalone_ampGrad,10x,1,2,116-140,335.02165886692933,19.34149649653733,,116-140,,335.02165886692933,,19.34149649653733,1.0,,
250standalone_ampGrad,10x,1,4,116-140,383.0150234259384,67.33486105554641,,116-140,,383.0150234259384,,67.33486105554641,1.0,,
250standalone_ampGrad,10x,1,6,116-140,476.14126841914367,160.46110604875167,,116-140,,476.14126841914367,,160.46110604875167,1.0,,
250standalone_ampGrad,10x,1,8,116-140,577.314187253626,261.63402488323396,,116-140,,577.314187253626,,261.63402488323396,1.0,,
250standalone_ampGrad,10x,1,10,116-140,798.2235611845875,482.54339881419554,,116-140,,798.2235611845875,,482.54339881419554,1.0,,
250standalone_ampGrad,10x,2,0,116-140,310.81812783790997,0.0,,116-140,,310.81812783790997,,0.0,1.0,,
250standalone_ampGrad,10x,2,2,116-140,329.9996592396897,19.18153140177975,,116-140,,329.9996592396897,,19.18153140177975,1.0,,
250standalone_ampGrad,10x,2,4,116-140,376.66715353472523,65.84902569681526,,116-140,,376.66715353472523,,65.84902569681526,1.0,,
250standalone_ampGrad,10x,2,6,116-140,467.4218507913847,156.60372295347474,,116-140,,467.4218507913847,,156.60372295347474,1.0,,
250standalone_ampGrad,10x,2,8,116-140,560.0331582980039,249.21503046009389,,116-140,,560.0331582980039,,249.21503046009389,1.0,,
250standalone_ampGrad,10x,2,10,116-140,761.1649550312668,450.34682719335683,,116-140,,761.1649550312668,,450.34682719335683,1.0,,
250standalone_ampGrad,10x,3,0,116-140,339.4643102803049,0.0,,116-140,,339.4643102803049,,0.0,1.0,,
250standalone_ampGrad,10x,3,2,116-140,359.0430125123033,19.578702231998363,,116-140,,359.0430125123033,,19.578702231998363,1.0,,
250standalone_ampGrad,10x,3,4,116-140,411.38374452580933,71.91943424550442,,116-140,,411.38374452580933,,71.91943424550442,1.0,,
250standalone_ampGrad,10x,3,6,116-140,509.2435866953623,169.77927641505738,,116-140,,509.2435866953623,,169.77927641505738,1.0,,
250standalone_ampGrad,10x,3,8,116-140,610.3629029770901,270.8985926967852,,116-140,,610.3629029770901,,270.8985926967852,1.0,,
250standalone_ampGrad,10x,3,10,116-140,796.5915139732749,457.12720369297,,116-140,,796.5915139732749,,457.12720369297,1.0,,
250standalone_ampGrad,30x,1,0,116-140,304.1555553386802,0.0,,116-140,,304.1555553386802,,0.0,3.1622776601683795,,
250standalone_ampGrad,30x,1,2,116-140,323.26488890959274,19.109333570912554,,116-140,,323.26488890959274,,19.109333570912554,3.1622776601683795,,
250standalone_ampGrad,30x,1,4,116-140,359.06269083426287,54.90713549558268,,116-140,,359.06269083426287,,54.90713549558268,3.1622776601683795,,
250standalone_ampGrad,30x,1,6,116-140,432.4053041855388,128.2497488468586,,116-140,,432.4053041855388,,128.2497488468586,3.1622776601683795,,
250standalone_ampGrad,30x,1,8,116-140,528.9964192200918,224.84086388141156,,116-140,,528.9964192200918,,224.84086388141156,3.1622776601683795,,
250standalone_ampGrad,30x,1,10,116-140,584.6956947849039,280.54013944622375,,116-140,,584.6956947849039,,280.54013944622375,3.1622776601683795,,
250standalone_ampGrad,30x,2,0,116-140,324.06107369269137,0.0,,116-140,,324.06107369269137,,0.0,3.1622776601683795,,
250standalone_ampGrad,30x,2,2,116-140,343.78756953610207,19.726495843410703,,116-140,,343.78756953610207,,19.726495843410703,3.1622776601683795,,
250standalone_ampGrad,30x,2,4,116-140,383.80217473701885,59.74110104432748,,116-140,,383.80217473701885,,59.74110104432748,3.1622776601683795,,
250standalone_ampGrad,30x,2,6,116-140,465.1381413306217,141.07706763793033,,116-140,,465.1381413306217,,141.07706763793033,3.1622776601683795,,
250standalone_ampGrad,30x,2,8,116-140,554.912737902091,230.8516642093996,,116-140,,554.912737902091,,230.8516642093996,3.1622776601683795,,
250standalone_ampGrad,30x,2,10,116-140,611.2936794863455,287.2326057936541,,116-140,,611.2936794863455,,287.2326057936541,3.1622776601683795,,
250standalone_ampGrad,30x,3,0,116-140,300.8970793289071,0.0,,116-140,,300.8970793289071,,0.0,3.1622776601683795,,
250standalone_ampGrad,30x,3,2,116-140,318.90452016740187,18.007440838494745,,116-140,,318.90452016740187,,18.007440838494745,3.1622776601683795,,
250standalone_ampGrad,30x,3,4,116-140,355.88862314440314,54.991543815496016,,116-140,,355.88862314440314,,54.991543815496016,3.1622776601683795,,
250standalone_ampGrad,30x,3,6,116-140,431.4402800830621,130.54320075415495,,116-140,,431.4402800830621,,130.54320075415495,3.1622776601683795,,
250standalone_ampGrad,30x,3,8,116-140,530.3278472759836,229.43076794707645,,116-140,,530.3278472759836,,229.43076794707645,3.1622776601683795,,
250standalone_ampGrad,30x,3,10,116-140,588.2370145026716,287.3399351737645,,116-140,,588.2370145026716,,287.3399351737645,3.1622776601683795,,
250standalone_ampGrad,100x,1,0,116-140,313.49014734676496,0.0,,116-140,,313.49014734676496,,0.0,10.0,,
250standalone_ampGrad,100x,1,2,116-140,312.34021868979505,-1.1499286569699052,,116-140,,312.34021868979505,,-1.1499286569699052,10.0,,
250standalone_ampGrad,100x,1,4,116-140,313.6518675237594,0.16172017699443586,,116-140,,313.6518675237594,,0.16172017699443586,10.0,,
250standalone_ampGrad,100x,1,6,116-140,321.00246204787675,7.512314701111791,,116-140,,321.00246204787675,,7.512314701111791,10.0,,
250standalone_ampGrad,100x,1,8,116-140,338.4653953954391,24.975248048674132,,116-140,,338.4653953954391,,24.975248048674132,10.0,,
250standalone_ampGrad,100x,1,10,116-140,357.3723686000051,43.88222125324012,,116-140,,357.3723686000051,,43.88222125324012,10.0,,
250standalone_ampGrad,100x,2,0,116-140,303.0556215671299,0.0,,116-140,,303.0556215671299,,0.0,10.0,,
250standalone_ampGrad,100x,2,2,116-140,303.9192043073999,0.8635827402700329,,116-140,,303.9192043073999,,0.8635827402700329,10.0,,
250standalone_ampGrad,100x,2,4,116-140,305.35222312032244,2.296601553192545,,116-140,,305.35222312032244,,2.296601553192545,10.0,,
250standalone_ampGrad,100x,2,6,116-140,312.83692170302925,9.781300135899357,,116-140,,312.83692170302925,,9.781300135899357,10.0,,
250standalone_ampGrad,100x,2,8,116-140,329.3087380071812,26.253116440051315,,116-140,,329.3087380071812,,26.253116440051315,10.0,,
250standalone_ampGrad,100x,2,10,116-140,343.04760217813214,39.99198061100225,,116-140,,343.04760217813214,,39.99198061100225,10.0,,
250standalone_ampGrad,100x,3,0,116-140,314.0750426988357,0.0,,116-140,,314.0750426988357,,0.0,10.0,,
250standalone_ampGrad,100x,3,2,116-140,312.76167499694577,-1.3133677018899448,,116-140,,312.76167499694577,,-1.3133677018899448,10.0,,
250standalone_ampGrad,100x,3,4,116-140,314.3523357184729,0.27729301963717035,,116-140,,314.3523357184729,,0.27729301963717035,10.0,,
250standalone_ampGrad,100x,3,6,116-140,321.1648140414486,7.089771342612892,,116-140,,321.1648140414486,,7.089771342612892,10.0,,
250standalone_ampGrad,100x,3,8,116-140,338.9381813038732,24.863138605037477,,116-140,,338.9381813038732,,24.863138605037477,10.0,,
250standalone_ampGrad,100x,3,10,116-140,355.31925086219326,41.24420816335754,,116-140,,355.31925086219326,,41.24420816335754,10.0,,
250standalone_kanGrad,0x,1,0,116-140,312.33045989631,0.0,,116-140,,312.33045989631,,0.0,,0.0,
250standalone_kanGrad,0x,1,2,116-140,325.5177790718258,13.187319175515825,,116-140,,325.5177790718258,,13.187319175515825,,0.0,
250standalone_kanGrad,0x,1,4,116-140,365.5776425768742,53.24718268056421,,116-140,,365.5776425768742,,53.24718268056421,,0.0,
250standalone_kanGrad,0x,1,6,116-140,409.1476276586288,96.81716776231877,,116-140,,409.1476276586288,,96.81716776231877,,0.0,
250standalone_kanGrad,0x,1,8,116-140,421.9073465298675,109.57688663355748,,116-140,,421.9073465298675,,109.57688663355748,,0.0,
250standalone_kanGrad,0x,1,10,116-140,355.9550905629576,43.62463066664759,,116-140,,355.9550905629576,,43.62463066664759,,0.0,
250standalone_kanGrad,0x,2,0,116-140,314.20846938343624,0.0,,116-140,,314.20846938343624,,0.0,,0.0,
250standalone_kanGrad,0x,2,2,116-140,330.95157217199505,16.743102788558815,,116-140,,330.95157217199505,,16.743102788558815,,0.0,
250standalone_kanGrad,0x,2,4,116-140,369.36273295499717,55.15426357156093,,116-140,,369.36273295499717,,55.15426357156093,,0.0,
250standalone_kanGrad,0x,2,6,116-140,414.77945389714273,100.57098451370649,,116-140,,414.77945389714273,,100.57098451370649,,0.0,
250standalone_kanGrad,0x,2,8,116-140,431.2453822523016,117.03691286886539,,116-140,,431.2453822523016,,117.03691286886539,,0.0,
250standalone_kanGrad,0x,2,10,116-140,383.0660310050508,68.85756162161454,,116-140,,383.0660310050508,,68.85756162161454,,0.0,
250standalone_kanGrad,0x,3,0,116-140,306.81415314793543,0.0,,116-140,,306.81415314793543,,0.0,,0.0,
250standalone_kanGrad,0x,3,2,116-140,321.973645010725,15.159491862789594,,116-140,,321.973645010725,,15.159491862789594,,0.0,
250standalone_kanGrad,0x,3,4,116-140,355.2442103863899,48.43005723845448,,116-140,,355.2442103863899,,48.43005723845448,,0.0,
250standalone_kanGrad,0x,3,6,116-140,392.07599671535485,85.26184356741942,,116-140,,392.07599671535485,,85.26184356741942,,0.0,
250standalone_kanGrad,0x,3,8,116-140,428.37725071942253,121.5630975714871,,116-140,,428.37725071942253,,121.5630975714871,,0.0,
250standalone_kanGrad,0x,3,10,116-140,390.7770989341831,83.96294578624764,,116-140,,390.7770989341831,,83.96294578624764,,0.0,
250standalone_kanGrad,1x,1,0,116-140,319.5219902031328,0.0,,116-140,,319.5219902031328,,0.0,,0.05,
250standalone_kanGrad,1x,1,2,116-140,333.00525844261085,13.483268239478036,,116-140,,333.00525844261085,,13.483268239478036,,0.05,
250standalone_kanGrad,1x,1,4,116-140,354.4228748221165,34.900884618983696,,116-140,,354.4228748221165,,34.900884618983696,,0.05,
250standalone_kanGrad,1x,1,6,116-140,370.36109349551646,50.83910329238364,,116-140,,370.36109349551646,,50.83910329238364,,0.05,
250standalone_kanGrad,1x,1,8,116-140,390.6686861803749,71.14669597724208,,116-140,,390.6686861803749,,71.14669597724208,,0.05,
250standalone_kanGrad,1x,1,10,116-140,416.6953537607818,97.173363557649,,116-140,,416.6953537607818,,97.173363557649,,0.05,
250standalone_kanGrad,1x,2,0,116-140,328.0989902020983,0.0,,116-140,,328.0989902020983,,0.0,,0.05,
250standalone_kanGrad,1x,2,2,116-140,342.0743254113074,13.975335209209106,,116-140,,342.0743254113074,,13.975335209209106,,0.05,
250standalone_kanGrad,1x,2,4,116-140,364.0584926635488,35.959502461450484,,116-140,,364.0584926635488,,35.959502461450484,,0.05,
250standalone_kanGrad,1x,2,6,116-140,383.93133240098996,55.83234219889164,,116-140,,383.93133240098996,,55.83234219889164,,0.05,
250standalone_kanGrad,1x,2,8,116-140,401.1727499498349,73.07375974773657,,116-140,,401.1727499498349,,73.07375974773657,,0.05,
250standalone_kanGrad,1x,2,10,116-140,417.95592182900344,89.85693162690512,,116-140,,417.95592182900344,,89.85693162690512,,0.05,
250standalone_kanGrad,1x,3,0,116-140,322.7071322531401,0.0,,116-140,,322.7071322531401,,0.0,,0.05,
250standalone_kanGrad,1x,3,2,116-140,335.82827193500714,13.121139681867021,,116-140,,335.82827193500714,,13.121139681867021,,0.05,
250standalone_kanGrad,1x,3,4,116-140,357.25288605071665,34.54575379757654,,116-140,,357.25288605071665,,34.54575379757654,,0.05,
250standalone_kanGrad,1x,3,6,116-140,375.0669267151908,52.35979446205067,,116-140,,375.0669267151908,,52.35979446205067,,0.05,
250standalone_kanGrad,1x,3,8,116-140,391.51268424254926,68.80555198940914,,116-140,,391.51268424254926,,68.80555198940914,,0.05,
250standalone_kanGrad,1x,3,10,116-140,412.98017490625557,90.27304265311545,,116-140,,412.98017490625557,,90.27304265311545,,0.05,
250standalone_kanGrad,3x,1,0,116-140,316.40294067341773,0.0,,116-140,,316.40294067341773,,0.0,,0.15811388300841897,
250standalone_kanGrad,3x,1,2,116-140,326.33939004411565,9.936449370697915,,116-140,,326.33939004411565,,9.936449370697915,,0.15811388300841897,
250standalone_kanGrad,3x,1,4,116-140,328.4830721082118,12.080131434794055,,116-140,,328.4830721082118,,12.080131434794055,,0.15811388300841897,
250standalone_kanGrad,3x,1,6,116-140,328.8390059783699,12.436065304952194,,116-140,,328.8390059783699,,12.436065304952194,,0.15811388300841897,
250standalone_kanGrad,3x,1,8,116-140,327.5692690331316,11.166328359713873,,116-140,,327.5692690331316,,11.166328359713873,,0.15811388300841897,
250standalone_kanGrad,3x,1,10,116-140,327.62105274131136,11.218112067893628,,116-140,,327.62105274131136,,11.218112067893628,,0.15811388300841897,
250standalone_kanGrad,3x,2,0,116-140,319.39003790697393,0.0,,116-140,,319.39003790697393,,0.0,,0.15811388300841897,
250standalone_kanGrad,3x,2,2,116-140,329.8579347693731,10.467896862399186,,116-140,,329.8579347693731,,10.467896862399186,,0.15811388300841897,
250standalone_kanGrad,3x,2,4,116-140,331.187241648688,11.797203741714043,,116-140,,331.187241648688,,11.797203741714043,,0.15811388300841897,
250standalone_kanGrad,3x,2,6,116-140,331.64571247502863,12.255674568054701,,116-140,,331.64571247502863,,12.255674568054701,,0.15811388300841897,
250standalone_kanGrad,3x,2,8,116-140,330.49177442228034,11.101736515306413,,116-140,,330.49177442228034,,11.101736515306413,,0.15811388300841897,
250standalone_kanGrad,3x,2,10,116-140,329.79699711413355,10.406959207159616,,116-140,,329.79699711413355,,10.406959207159616,,0.15811388300841897,
250standalone_kanGrad,3x,3,0,116-140,313.0935470992801,0.0,,116-140,,313.0935470992801,,0.0,,0.15811388300841897,
250standalone_kanGrad,3x,3,2,116-140,323.1565157086078,10.062968609327697,,116-140,,323.1565157086078,,10.062968609327697,,0.15811388300841897,
250standalone_kanGrad,3x,3,4,116-140,324.1263600958648,11.03281299658471,,116-140,,324.1263600958648,,11.03281299658471,,0.15811388300841897,
250standalone_kanGrad,3x,3,6,116-140,323.74475130279177,10.651204203511668,,116-140,,323.74475130279177,,10.651204203511668,,0.15811388300841897,
250standalone_kanGrad,3x,3,8,116-140,322.1538529320589,9.060305832778795,,116-140,,322.1538529320589,,9.060305832778795,,0.15811388300841897,
250standalone_kanGrad,3x,3,10,116-140,320.9291628242895,7.835615725009404,,116-140,,320.9291628242895,,7.835615725009404,,0.15811388300841897,
250standalone_kanGrad,10x,1,0,116-140,288.87549833811653,0.0,,116-140,,288.87549833811653,,0.0,,0.5,
250standalone_kanGrad,10x,1,2,116-140,293.9189541822948,5.043455844178254,,116-140,,293.9189541822948,,5.043455844178254,,0.5,
250standalone_kanGrad,10x,1,4,116-140,293.78250727307307,4.9070089349565365,,116-140,,293.78250727307307,,4.9070089349565365,,0.5,
250standalone_kanGrad,10x,1,6,116-140,293.90002515557654,5.024526817460014,,116-140,,293.90002515557654,,5.024526817460014,,0.5,
250standalone_kanGrad,10x,1,8,116-140,294.2049323311633,5.329433993046791,,116-140,,294.2049323311633,,5.329433993046791,,0.5,
250standalone_kanGrad,10x,1,10,116-140,294.7049355954823,5.829437257365782,,116-140,,294.7049355954823,,5.829437257365782,,0.5,
250standalone_kanGrad,10x,2,0,116-140,275.70050755903395,0.0,,116-140,,275.70050755903395,,0.0,,0.5,
250standalone_kanGrad,10x,2,2,116-140,280.16485697069254,4.4643494116585885,,116-140,,280.16485697069254,,4.4643494116585885,,0.5,
250standalone_kanGrad,10x,2,4,116-140,279.7127254294977,4.012217870463758,,116-140,,279.7127254294977,,4.012217870463758,,0.5,
250standalone_kanGrad,10x,2,6,116-140,280.02745866226155,4.3269511032276,,116-140,,280.02745866226155,,4.3269511032276,,0.5,
250standalone_kanGrad,10x,2,8,116-140,280.7966020632547,5.09609450422073,,116-140,,280.7966020632547,,5.09609450422073,,0.5,
250standalone_kanGrad,10x,2,10,116-140,281.33117186848193,5.63066430944798,,116-140,,281.33117186848193,,5.63066430944798,,0.5,
250standalone_kanGrad,10x,3,0,116-140,279.1038227291104,0.0,,116-140,,279.1038227291104,,0.0,,0.5,
250standalone_kanGrad,10x,3,2,116-140,283.48727628553496,4.38345355642457,,116-140,,283.48727628553496,,4.38345355642457,,0.5,
250standalone_kanGrad,10x,3,4,116-140,284.04926232912845,4.945439600018062,,116-140,,284.04926232912845,,4.945439600018062,,0.5,
250standalone_kanGrad,10x,3,6,116-140,284.65382573087845,5.5500030017680615,,116-140,,284.65382573087845,,5.5500030017680615,,0.5,
250standalone_kanGrad,10x,3,8,116-140,285.38134063998854,6.277517910878146,,116-140,,285.38134063998854,,6.277517910878146,,0.5,
250standalone_kanGrad,10x,3,10,116-140,285.3750391053263,6.271216376215932,,116-140,,285.3750391053263,,6.271216376215932,,0.5,
250standalone_kanGrad,30x,1,0,116-140,286.69061426500804,0.0,,116-140,,286.69061426500804,,0.0,,1.5811388300841898,
250standalone_kanGrad,30x,1,2,116-140,291.2531047353619,4.5624904703538505,,116-140,,291.2531047353619,,4.5624904703538505,,1.5811388300841898,
250standalone_kanGrad,30x,1,4,116-140,290.4550566055571,3.764442340549067,,116-140,,290.4550566055571,,3.764442340549067,,1.5811388300841898,
250standalone_kanGrad,30x,1,6,116-140,290.5242419903014,3.833627725293354,,116-140,,290.5242419903014,,3.833627725293354,,1.5811388300841898,
250standalone_kanGrad,30x,1,8,116-140,290.95135843731214,4.260744172304101,,116-140,,290.95135843731214,,4.260744172304101,,1.5811388300841898,
250standalone_kanGrad,30x,1,10,116-140,291.0192704989453,4.328656233937238,,116-140,,291.0192704989453,,4.328656233937238,,1.5811388300841898,
250standalone_kanGrad,30x,2,0,116-140,300.4096441735847,0.0,,116-140,,300.4096441735847,,0.0,,1.5811388300841898,
250standalone_kanGrad,30x,2,2,116-140,304.2711453300403,3.861501156455631,,116-140,,304.2711453300403,,3.861501156455631,,1.5811388300841898,
250standalone_kanGrad,30x,2,4,116-140,304.0228049092846,3.613160735699921,,116-140,,304.0228049092846,,3.613160735699921,,1.5811388300841898,
250standalone_kanGrad,30x,2,6,116-140,304.3906684557581,3.9810242821733937,,116-140,,304.3906684557581,,3.9810242821733937,,1.5811388300841898,
250standalone_kanGrad,30x,2,8,116-140,305.2320512411636,4.822407067578922,,116-140,,305.2320512411636,,4.822407067578922,,1.5811388300841898,
250standalone_kanGrad,30x,2,10,116-140,304.80808841810546,4.3984442445207605,,116-140,,304.80808841810546,,4.3984442445207605,,1.5811388300841898,
250standalone_kanGrad,30x,3,0,116-140,294.35890356958794,0.0,,116-140,,294.35890356958794,,0.0,,1.5811388300841898,
250standalone_kanGrad,30x,3,2,116-140,298.1555140378029,3.796610468214965,,116-140,,298.1555140378029,,3.796610468214965,,1.5811388300841898,
250standalone_kanGrad,30x,3,4,116-140,297.5813379700726,3.2224344004846444,,116-140,,297.5813379700726,,3.2224344004846444,,1.5811388300841898,
250standalone_kanGrad,30x,3,6,116-140,297.4936369500667,3.1347333804787354,,116-140,,297.4936369500667,,3.1347333804787354,,1.5811388300841898,
250standalone_kanGrad,30x,3,8,116-140,297.933188458487,3.574284888899058,,116-140,,297.933188458487,,3.574284888899058,,1.5811388300841898,
250standalone_kanGrad,30x,3,10,116-140,297.95612006847983,3.597216498891896,,116-140,,297.95612006847983,,3.597216498891896,,1.5811388300841898,
250standalone_kanGrad,100x,1,0,116-140,280.1225720778082,0.0,,116-140,,280.1225720778082,,0.0,,5.0,
250standalone_kanGrad,100x,1,2,116-140,281.03294298452374,0.9103709067155705,,116-140,,281.03294298452374,,0.9103709067155705,,5.0,
250standalone_kanGrad,100x,1,4,116-140,282.1608331366454,2.038261058837236,,116-140,,282.1608331366454,,2.038261058837236,,5.0,
250standalone_kanGrad,100x,1,6,116-140,282.258468421439,2.1358963436308045,,116-140,,282.258468421439,,2.1358963436308045,,5.0,
250standalone_kanGrad,100x,1,8,116-140,282.8829262034159,2.760354125607705,,116-140,,282.8829262034159,,2.760354125607705,,5.0,
250standalone_kanGrad,100x,1,10,116-140,282.7159157095303,2.593343631722121,,116-140,,282.7159157095303,,2.593343631722121,,5.0,
250standalone_kanGrad,100x,2,0,116-140,272.2296906220864,0.0,,116-140,,272.2296906220864,,0.0,,5.0,
250standalone_kanGrad,100x,2,2,116-140,272.6811301930014,0.4514395709149994,,116-140,,272.6811301930014,,0.4514395709149994,,5.0,
250standalone_kanGrad,100x,2,4,116-140,273.7150541954457,1.4853635733592796,,116-140,,273.7150541954457,,1.4853635733592796,,5.0,
250standalone_kanGrad,100x,2,6,116-140,273.9257564790524,1.6960658569659586,,116-140,,273.9257564790524,,1.6960658569659586,,5.0,
250standalone_kanGrad,100x,2,8,116-140,274.44957756687273,2.2198869447863103,,116-140,,274.44957756687273,,2.2198869447863103,,5.0,
250standalone_kanGrad,100x,2,10,116-140,273.9543987666925,1.7247081446060974,,116-140,,273.9543987666925,,1.7247081446060974,,5.0,
250standalone_kanGrad,100x,3,0,116-140,291.9966234266608,0.0,,116-140,,291.9966234266608,,0.0,,5.0,
250standalone_kanGrad,100x,3,2,116-140,292.0086432509333,0.01201982427249959,,116-140,,292.0086432509333,,0.01201982427249959,,5.0,
250standalone_kanGrad,100x,3,4,116-140,292.93887519678145,0.942251770120663,,116-140,,292.93887519678145,,0.942251770120663,,5.0,
250standalone_kanGrad,100x,3,6,116-140,292.9292690587281,0.932645632067306,,116-140,,292.9292690587281,,0.932645632067306,,5.0,
250standalone_kanGrad,100x,3,8,116-140,292.98797061489626,0.9913471882354656,,116-140,,292.98797061489626,,0.9913471882354656,,5.0,
250standalone_kanGrad,100x,3,10,116-140,293.17761759034636,1.1809941636855683,,116-140,,293.17761759034636,,1.1809941636855683,,5.0,
J4K5standalone_ampGrad,0x,1,0,116-140,213.27595677118822,0.0,116-140,,213.27595677118822,,0.0,,0.0,,
J4K5standalone_ampGrad,0x,1,2,116-140,218.90839700503875,5.632440233850531,116-140,,218.90839700503875,,5.632440233850531,,0.0,,
J4K5standalone_ampGrad,0x,1,4,116-140,227.49660641069,14.220649639501772,116-140,,227.49660641069,,14.220649639501772,,0.0,,
J4K5standalone_ampGrad,0x,1,6,116-140,242.48143224425323,29.205475473065007,116-140,,242.48143224425323,,29.205475473065007,,0.0,,
J4K5standalone_ampGrad,0x,1,8,116-140,259.6978741607976,46.421917389609376,116-140,,259.6978741607976,,46.421917389609376,,0.0,,
J4K5standalone_ampGrad,0x,1,10,116-140,260.01028830305444,46.73433153186622,116-140,,260.01028830305444,,46.73433153186622,,0.0,,
J4K5standalone_ampGrad,0x,2,0,116-140,261.2613085027013,0.0,116-140,,261.2613085027013,,0.0,,0.0,,
J4K5standalone_ampGrad,0x,2,2,116-140,265.9415982394157,4.680289736714428,116-140,,265.9415982394157,,4.680289736714428,,0.0,,
J4K5standalone_ampGrad,0x,2,4,116-140,279.7465604837906,18.485251981089277,116-140,,279.7465604837906,,18.485251981089277,,0.0,,
J4K5standalone_ampGrad,0x,2,6,116-140,298.9918446007717,37.73053609807039,116-140,,298.9918446007717,,37.73053609807039,,0.0,,
J4K5standalone_ampGrad,0x,2,8,116-140,317.93672611727663,56.67541761457534,116-140,,317.93672611727663,,56.67541761457534,,0.0,,
J4K5standalone_ampGrad,0x,2,10,116-140,321.12649064470247,59.865182142001174,116-140,,321.12649064470247,,59.865182142001174,,0.0,,
J4K5standalone_ampGrad,0x,3,0,116-140,231.03374203006328,0.0,116-140,,231.03374203006328,,0.0,,0.0,,
J4K5standalone_ampGrad,0x,3,2,116-140,233.79884594092022,2.7651039108569364,116-140,,233.79884594092022,,2.7651039108569364,,0.0,,
J4K5standalone_ampGrad,0x,3,4,116-140,244.86728540053292,13.833543370469641,116-140,,244.86728540053292,,13.833543370469641,,0.0,,
J4K5standalone_ampGrad,0x,3,6,116-140,264.6757664730924,33.6420244430291,116-140,,264.6757664730924,,33.6420244430291,,0.0,,
J4K5standalone_ampGrad,0x,3,8,116-140,291.88788600714327,60.854143977079985,116-140,,291.88788600714327,,60.854143977079985,,0.0,,
J4K5standalone_ampGrad,0x,3,10,116-140,288.9112432737142,57.877501243650926,116-140,,288.9112432737142,,57.877501243650926,,0.0,,
J4K5standalone_ampGrad,1x,1,0,116-140,334.95489466204543,0.0,116-140,,334.95489466204543,,0.0,,0.1,,
J4K5standalone_ampGrad,1x,1,2,116-140,337.32072775971176,2.365833097666325,116-140,,337.32072775971176,,2.365833097666325,,0.1,,
J4K5standalone_ampGrad,1x,1,4,116-140,333.19621577211154,-1.7586788899338899,116-140,,333.19621577211154,,-1.7586788899338899,,0.1,,
J4K5standalone_ampGrad,1x,1,6,116-140,334.125139632478,-0.8297550295674228,116-140,,334.125139632478,,-0.8297550295674228,,0.1,,
J4K5standalone_ampGrad,1x,1,8,116-140,333.7371867280336,-1.2177079340118553,116-140,,333.7371867280336,,-1.2177079340118553,,0.1,,
J4K5standalone_ampGrad,1x,1,10,116-140,335.0506095566355,0.09571489459005988,116-140,,335.0506095566355,,0.09571489459005988,,0.1,,
J4K5standalone_ampGrad,1x,2,0,116-140,316.77838967016027,0.0,116-140,,316.77838967016027,,0.0,,0.1,,
J4K5standalone_ampGrad,1x,2,2,116-140,318.28232459606255,1.5039349259022856,116-140,,318.28232459606255,,1.5039349259022856,,0.1,,
J4K5standalone_ampGrad,1x,2,4,116-140,313.0508754421046,-3.727514228055668,116-140,,313.0508754421046,,-3.727514228055668,,0.1,,
J4K5standalone_ampGrad,1x,2,6,116-140,312.4707575686689,-4.307632101491379,116-140,,312.4707575686689,,-4.307632101491379,,0.1,,
J4K5standalone_ampGrad,1x,2,8,116-140,312.8579221805675,-3.9204674895927383,116-140,,312.8579221805675,,-3.9204674895927383,,0.1,,
J4K5standalone_ampGrad,1x,2,10,116-140,313.7096238909398,-3.0687657792204845,116-140,,313.7096238909398,,-3.0687657792204845,,0.1,,
J4K5standalone_ampGrad,1x,3,0,116-140,327.3609937513381,0.0,116-140,,327.3609937513381,,0.0,,0.1,,
J4K5standalone_ampGrad,1x,3,2,116-140,327.84243370034596,0.4814399490078358,116-140,,327.84243370034596,,0.4814399490078358,,0.1,,
J4K5standalone_ampGrad,1x,3,4,116-140,324.51036490288175,-2.850628848456381,116-140,,324.51036490288175,,-2.850628848456381,,0.1,,
J4K5standalone_ampGrad,1x,3,6,116-140,323.81270849954325,-3.54828525179488,116-140,,323.81270849954325,,-3.54828525179488,,0.1,,
J4K5standalone_ampGrad,1x,3,8,116-140,324.6512000561479,-2.7097936951902284,116-140,,324.6512000561479,,-2.7097936951902284,,0.1,,
J4K5standalone_ampGrad,1x,3,10,116-140,322.7746849985808,-4.586308752757304,116-140,,322.7746849985808,,-4.586308752757304,,0.1,,
J4K5standalone_ampGrad,3x,1,0,116-140,272.24888603120763,0.0,116-140,,272.24888603120763,,0.0,,0.31622776601683794,,
J4K5standalone_ampGrad,3x,1,2,116-140,268.10816357417696,-4.140722457030677,116-140,,268.10816357417696,,-4.140722457030677,,0.31622776601683794,,
J4K5standalone_ampGrad,3x,1,4,116-140,268.7730890744305,-3.475796956777117,116-140,,268.7730890744305,,-3.475796956777117,,0.31622776601683794,,
J4K5standalone_ampGrad,3x,1,6,116-140,272.9293695511524,0.6804835199447439,116-140,,272.9293695511524,,0.6804835199447439,,0.31622776601683794,,
J4K5standalone_ampGrad,3x,1,8,116-140,270.2745919843151,-1.9742940468925099,116-140,,270.2745919843151,,-1.9742940468925099,,0.31622776601683794,,
J4K5standalone_ampGrad,3x,1,10,116-140,271.16115127518134,-1.0877347560262933,116-140,,271.16115127518134,,-1.0877347560262933,,0.31622776601683794,,
J4K5standalone_ampGrad,3x,2,0,116-140,263.4454311996847,0.0,116-140,,263.4454311996847,,0.0,,0.31622776601683794,,
J4K5standalone_ampGrad,3x,2,2,116-140,256.4959732117186,-6.949457987966127,116-140,,256.4959732117186,,-6.949457987966127,,0.31622776601683794,,
J4K5standalone_ampGrad,3x,2,4,116-140,258.4288337152415,-5.016597484443196,116-140,,258.4288337152415,,-5.016597484443196,,0.31622776601683794,,
J4K5standalone_ampGrad,3x,2,6,116-140,254.83106528264742,-8.614365917037304,116-140,,254.83106528264742,,-8.614365917037304,,0.31622776601683794,,
J4K5standalone_ampGrad,3x,2,8,116-140,260.0626249851593,-3.3828062145254307,116-140,,260.0626249851593,,-3.3828062145254307,,0.31622776601683794,,
J4K5standalone_ampGrad,3x,2,10,116-140,257.2573346325581,-6.188096567126593,116-140,,257.2573346325581,,-6.188096567126593,,0.31622776601683794,,
J4K5standalone_ampGrad,3x,3,0,116-140,266.12181415936857,0.0,116-140,,266.12181415936857,,0.0,,0.31622776601683794,,
J4K5standalone_ampGrad,3x,3,2,116-140,252.76194377854375,-13.359870380824816,116-140,,252.76194377854375,,-13.359870380824816,,0.31622776601683794,,
J4K5standalone_ampGrad,3x,3,4,116-140,253.83860989580933,-12.283204263559242,116-140,,253.83860989580933,,-12.283204263559242,,0.31622776601683794,,
J4K5standalone_ampGrad,3x,3,6,116-140,257.1703115165893,-8.951502642779246,116-140,,257.1703115165893,,-8.951502642779246,,0.31622776601683794,,
J4K5standalone_ampGrad,3x,3,8,116-140,258.0369322110502,-8.084881948318355,116-140,,258.0369322110502,,-8.084881948318355,,0.31622776601683794,,
J4K5standalone_ampGrad,3x,3,10,116-140,253.61715076497669,-12.504663394391883,116-140,,253.61715076497669,,-12.504663394391883,,0.31622776601683794,,
J4K5standalone_ampGrad,10x,1,0,116-140,295.44023670581606,0.0,116-140,,295.44023670581606,,0.0,,1.0,,
J4K5standalone_ampGrad,10x,1,2,116-140,284.021145017952,-11.419091687864068,116-140,,284.021145017952,,-11.419091687864068,,1.0,,
J4K5standalone_ampGrad,10x,1,4,116-140,287.2262780818727,-8.21395862394337,116-140,,287.2262780818727,,-8.21395862394337,,1.0,,
J4K5standalone_ampGrad,10x,1,6,116-140,287.22798256806755,-8.212254137748516,116-140,,287.22798256806755,,-8.212254137748516,,1.0,,
J4K5standalone_ampGrad,10x,1,8,116-140,289.0137186835363,-6.426518022279765,116-140,,289.0137186835363,,-6.426518022279765,,1.0,,
J4K5standalone_ampGrad,10x,1,10,116-140,288.6515167533214,-6.7887199524946595,116-140,,288.6515167533214,,-6.7887199524946595,,1.0,,
J4K5standalone_ampGrad,10x,2,0,116-140,289.7203262460489,0.0,116-140,,289.7203262460489,,0.0,,1.0,,
J4K5standalone_ampGrad,10x,2,2,116-140,283.78592135679304,-5.934404889255859,116-140,,283.78592135679304,,-5.934404889255859,,1.0,,
J4K5standalone_ampGrad,10x,2,4,116-140,282.6399804558779,-7.080345790171009,116-140,,282.6399804558779,,-7.080345790171009,,1.0,,
J4K5standalone_ampGrad,10x,2,6,116-140,280.88659648829554,-8.83372975775336,116-140,,280.88659648829554,,-8.83372975775336,,1.0,,
J4K5standalone_ampGrad,10x,2,8,116-140,281.00512929724994,-8.715196948798962,116-140,,281.00512929724994,,-8.715196948798962,,1.0,,
J4K5standalone_ampGrad,10x,2,10,116-140,280.07794313934795,-9.642383106700947,116-140,,280.07794313934795,,-9.642383106700947,,1.0,,
J4K5standalone_ampGrad,10x,3,0,116-140,304.04316176142373,0.0,116-140,,304.04316176142373,,0.0,,1.0,,
J4K5standalone_ampGrad,10x,3,2,116-140,291.499135711883,-12.544026049540719,116-140,,291.499135711883,,-12.544026049540719,,1.0,,
J4K5standalone_ampGrad,10x,3,4,116-140,292.66547964095633,-11.377682120467398,116-140,,292.66547964095633,,-11.377682120467398,,1.0,,
J4K5standalone_ampGrad,10x,3,6,116-140,292.6825372284235,-11.360624533000248,116-140,,292.6825372284235,,-11.360624533000248,,1.0,,
J4K5standalone_ampGrad,10x,3,8,116-140,294.37515570646696,-9.668006054956777,116-140,,294.37515570646696,,-9.668006054956777,,1.0,,
J4K5standalone_ampGrad,10x,3,10,116-140,302.36830214053896,-1.6748596208847744,116-140,,302.36830214053896,,-1.6748596208847744,,1.0,,
J4K5standalone_ampGrad,30x,1,0,116-140,281.1299329183538,0.0,116-140,,281.1299329183538,,0.0,,3.1622776601683795,,
J4K5standalone_ampGrad,30x,1,2,116-140,278.62512757606356,-2.50480534229024,116-140,,278.62512757606356,,-2.50480534229024,,3.1622776601683795,,
J4K5standalone_ampGrad,30x,1,4,116-140,271.38778304716027,-9.742149871193533,116-140,,271.38778304716027,,-9.742149871193533,,3.1622776601683795,,
J4K5standalone_ampGrad,30x,1,6,116-140,272.90775303970054,-8.222179878653264,116-140,,272.90775303970054,,-8.222179878653264,,3.1622776601683795,,
J4K5standalone_ampGrad,30x,1,8,116-140,269.711551221625,-11.41838169672883,116-140,,269.711551221625,,-11.41838169672883,,3.1622776601683795,,
J4K5standalone_ampGrad,30x,1,10,116-140,280.5648520651176,-0.5650808532362248,116-140,,280.5648520651176,,-0.5650808532362248,,3.1622776601683795,,
J4K5standalone_ampGrad,30x,2,0,116-140,263.26207257952706,0.0,116-140,,263.26207257952706,,0.0,,3.1622776601683795,,
J4K5standalone_ampGrad,30x,2,2,116-140,255.55588106994335,-7.706191509583704,116-140,,255.55588106994335,,-7.706191509583704,,3.1622776601683795,,
J4K5standalone_ampGrad,30x,2,4,116-140,248.29685477329437,-14.965217806232687,116-140,,248.29685477329437,,-14.965217806232687,,3.1622776601683795,,
J4K5standalone_ampGrad,30x,2,6,116-140,247.86620573445413,-15.39586684507293,116-140,,247.86620573445413,,-15.39586684507293,,3.1622776601683795,,
J4K5standalone_ampGrad,30x,2,8,116-140,242.69222353361602,-20.56984904591104,116-140,,242.69222353361602,,-20.56984904591104,,3.1622776601683795,,
J4K5standalone_ampGrad,30x,2,10,116-140,235.2365045667339,-28.025568012793144,116-140,,235.2365045667339,,-28.025568012793144,,3.1622776601683795,,
J4K5standalone_ampGrad,30x,3,0,116-140,276.8701069974651,0.0,116-140,,276.8701069974651,,0.0,,3.1622776601683795,,
J4K5standalone_ampGrad,30x,3,2,116-140,273.8117969469174,-3.058310050547675,116-140,,273.8117969469174,,-3.058310050547675,,3.1622776601683795,,
J4K5standalone_ampGrad,30x,3,4,116-140,270.8785537947956,-5.991553202669479,116-140,,270.8785537947956,,-5.991553202669479,,3.1622776601683795,,
J4K5standalone_ampGrad,30x,3,6,116-140,270.13180293496777,-6.7383040624973205,116-140,,270.13180293496777,,-6.7383040624973205,,3.1622776601683795,,
J4K5standalone_ampGrad,30x,3,8,116-140,268.34216945837306,-8.527937539092022,116-140,,268.34216945837306,,-8.527937539092022,,3.1622776601683795,,
J4K5standalone_ampGrad,30x,3,10,116-140,267.56705450504705,-9.303052492418033,116-140,,267.56705450504705,,-9.303052492418033,,3.1622776601683795,,
J4K5standalone_ampGrad,100x,1,0,116-140,279.9403316969122,0.0,116-140,,279.9403316969122,,0.0,,10.0,,
J4K5standalone_ampGrad,100x,1,2,116-140,272.38170445082426,-7.558627246087951,116-140,,272.38170445082426,,-7.558627246087951,,10.0,,
J4K5standalone_ampGrad,100x,1,4,116-140,276.14514287387135,-3.79518882304086,116-140,,276.14514287387135,,-3.79518882304086,,10.0,,
J4K5standalone_ampGrad,100x,1,6,116-140,275.21658163046686,-4.723750066445348,116-140,,275.21658163046686,,-4.723750066445348,,10.0,,
J4K5standalone_ampGrad,100x,1,8,116-140,280.17396914280465,0.23363744589244106,116-140,,280.17396914280465,,0.23363744589244106,,10.0,,
J4K5standalone_ampGrad,100x,1,10,116-140,280.6242496530021,0.6839179560898856,116-140,,280.6242496530021,,0.6839179560898856,,10.0,,
J4K5standalone_ampGrad,100x,2,0,116-140,297.80617751579837,0.0,116-140,,297.80617751579837,,0.0,,10.0,,
J4K5standalone_ampGrad,100x,2,2,116-140,285.8967417948583,-11.909435720940053,116-140,,285.8967417948583,,-11.909435720940053,,10.0,,
J4K5standalone_ampGrad,100x,2,4,116-140,289.8316367340066,-7.974540781791745,116-140,,289.8316367340066,,-7.974540781791745,,10.0,,
J4K5standalone_ampGrad,100x,2,6,116-140,293.87282918984096,-3.933348325957411,116-140,,293.87282918984096,,-3.933348325957411,,10.0,,
J4K5standalone_ampGrad,100x,2,8,116-140,296.5841042955928,-1.2220732202055729,116-140,,296.5841042955928,,-1.2220732202055729,,10.0,,
J4K5standalone_ampGrad,100x,2,10,116-140,292.85786181270174,-4.948315703096625,116-140,,292.85786181270174,,-4.948315703096625,,10.0,,
J4K5standalone_ampGrad,100x,3,0,116-140,301.7249919200833,0.0,116-140,,301.7249919200833,,0.0,,10.0,,
J4K5standalone_ampGrad,100x,3,2,116-140,291.7432458858551,-9.981746034228195,116-140,,291.7432458858551,,-9.981746034228195,,10.0,,
J4K5standalone_ampGrad,100x,3,4,116-140,296.2003975040441,-5.5245944160392355,116-140,,296.2003975040441,,-5.5245944160392355,,10.0,,
J4K5standalone_ampGrad,100x,3,6,116-140,301.44066760699116,-0.28432431309215644,116-140,,301.44066760699116,,-0.28432431309215644,,10.0,,
J4K5standalone_ampGrad,100x,3,8,116-140,303.1442678141936,1.4192758941102852,116-140,,303.1442678141936,,1.4192758941102852,,10.0,,
J4K5standalone_ampGrad,100x,3,10,116-140,302.6615521548138,0.9365602347305071,116-140,,302.6615521548138,,0.9365602347305071,,10.0,,
J4K5standalone_kanGrad,0x,1,0,116-140,322.8007076227962,0.0,116-140,,322.8007076227962,,0.0,,,0.0,
J4K5standalone_kanGrad,0x,1,2,116-140,322.7684271561111,-0.03228046668510842,116-140,,322.7684271561111,,-0.03228046668510842,,,0.0,
J4K5standalone_kanGrad,0x,1,4,116-140,325.72963476386343,2.92892714106722,116-140,,325.72963476386343,,2.92892714106722,,,0.0,
J4K5standalone_kanGrad,0x,1,6,116-140,321.7940863398246,-1.0066212829715937,116-140,,321.7940863398246,,-1.0066212829715937,,,0.0,
J4K5standalone_kanGrad,0x,1,8,116-140,322.8791549331732,0.07844731037698693,116-140,,322.8791549331732,,0.07844731037698693,,,0.0,
J4K5standalone_kanGrad,0x,1,10,116-140,333.1500492739873,10.349341651191082,116-140,,333.1500492739873,,10.349341651191082,,,0.0,
J4K5standalone_kanGrad,0x,2,0,116-140,328.32521035557534,0.0,116-140,,328.32521035557534,,0.0,,,0.0,
J4K5standalone_kanGrad,0x,2,2,116-140,326.8139183692287,-1.5112919863466345,116-140,,326.8139183692287,,-1.5112919863466345,,,0.0,
J4K5standalone_kanGrad,0x,2,4,116-140,325.807680181474,-2.5175301741013527,116-140,,325.807680181474,,-2.5175301741013527,,,0.0,
J4K5standalone_kanGrad,0x,2,6,116-140,327.78923892653785,-0.5359714290374882,116-140,,327.78923892653785,,-0.5359714290374882,,,0.0,
J4K5standalone_kanGrad,0x,2,8,116-140,337.2871716785842,8.961961323008836,116-140,,337.2871716785842,,8.961961323008836,,,0.0,
J4K5standalone_kanGrad,0x,2,10,116-140,345.81017100382735,17.484960648252013,116-140,,345.81017100382735,,17.484960648252013,,,0.0,
J4K5standalone_kanGrad,0x,3,0,116-140,342.0575278551382,0.0,116-140,,342.0575278551382,,0.0,,,0.0,
J4K5standalone_kanGrad,0x,3,2,116-140,346.3235401353494,4.266012280211214,116-140,,346.3235401353494,,4.266012280211214,,,0.0,
J4K5standalone_kanGrad,0x,3,4,116-140,347.54135060125304,5.483822746114868,116-140,,347.54135060125304,,5.483822746114868,,,0.0,
J4K5standalone_kanGrad,0x,3,6,116-140,351.118789823794,9.0612619686558,116-140,,351.118789823794,,9.0612619686558,,,0.0,
J4K5standalone_kanGrad,0x,3,8,116-140,361.3854028331464,19.327874978008197,116-140,,361.3854028331464,,19.327874978008197,,,0.0,
J4K5standalone_kanGrad,0x,3,10,116-140,375.4099829867121,33.35245513157395,116-140,,375.4099829867121,,33.35245513157395,,,0.0,
J4K5standalone_kanGrad,1x,1,0,116-140,321.30501019668816,0.0,116-140,,321.30501019668816,,0.0,,,0.05,
J4K5standalone_kanGrad,1x,1,2,116-140,325.26333303890857,3.9583228422204115,116-140,,325.26333303890857,,3.9583228422204115,,,0.05,
J4K5standalone_kanGrad,1x,1,4,116-140,330.3990001477525,9.093989951064316,116-140,,330.3990001477525,,9.093989951064316,,,0.05,
J4K5standalone_kanGrad,1x,1,6,116-140,333.1708218408157,11.865811644127518,116-140,,333.1708218408157,,11.865811644127518,,,0.05,
J4K5standalone_kanGrad,1x,1,8,116-140,364.4469755109239,43.14196531423573,116-140,,364.4469755109239,,43.14196531423573,,,0.05,
J4K5standalone_kanGrad,1x,1,10,116-140,352.78775761098456,31.482747414296398,116-140,,352.78775761098456,,31.482747414296398,,,0.05,
J4K5standalone_kanGrad,1x,2,0,116-140,324.6364258595507,0.0,116-140,,324.6364258595507,,0.0,,,0.05,
J4K5standalone_kanGrad,1x,2,2,116-140,327.24545197109506,2.609026111544381,116-140,,327.24545197109506,,2.609026111544381,,,0.05,
J4K5standalone_kanGrad,1x,2,4,116-140,333.9323340365845,9.295908177033823,116-140,,333.9323340365845,,9.295908177033823,,,0.05,
J4K5standalone_kanGrad,1x,2,6,116-140,342.54331985407373,17.906893994523045,116-140,,342.54331985407373,,17.906893994523045,,,0.05,
J4K5standalone_kanGrad,1x,2,8,116-140,353.9878413375366,29.351415477985938,116-140,,353.9878413375366,,29.351415477985938,,,0.05,
J4K5standalone_kanGrad,1x,2,10,116-140,372.753628525329,48.117202665778336,116-140,,372.753628525329,,48.117202665778336,,,0.05,
J4K5standalone_kanGrad,1x,3,0,116-140,311.9874147241512,0.0,116-140,,311.9874147241512,,0.0,,,0.05,
J4K5standalone_kanGrad,1x,3,2,116-140,316.68927027775925,4.701855553608027,116-140,,316.68927027775925,,4.701855553608027,,,0.05,
J4K5standalone_kanGrad,1x,3,4,116-140,319.6541965483966,7.6667818242453905,116-140,,319.6541965483966,,7.6667818242453905,,,0.05,
J4K5standalone_kanGrad,1x,3,6,116-140,327.20626798644093,15.218853262289713,116-140,,327.20626798644093,,15.218853262289713,,,0.05,
J4K5standalone_kanGrad,1x,3,8,116-140,342.5544396126264,30.567024888475203,116-140,,342.5544396126264,,30.567024888475203,,,0.05,
J4K5standalone_kanGrad,1x,3,10,116-140,365.92373807229933,53.93632334814811,116-140,,365.92373807229933,,53.93632334814811,,,0.05,
J4K5standalone_kanGrad,3x,1,0,116-140,302.23225653421366,0.0,116-140,,302.23225653421366,,0.0,,,0.15811388300841897,
J4K5standalone_kanGrad,3x,1,2,116-140,303.94948486326456,1.7172283290508972,116-140,,303.94948486326456,,1.7172283290508972,,,0.15811388300841897,
J4K5standalone_kanGrad,3x,1,4,116-140,302.90424961707606,0.6719930828624001,116-140,,302.90424961707606,,0.6719930828624001,,,0.15811388300841897,
J4K5standalone_kanGrad,3x,1,6,116-140,315.37099874630314,13.138742212089483,116-140,,315.37099874630314,,13.138742212089483,,,0.15811388300841897,
J4K5standalone_kanGrad,3x,1,8,116-140,342.2728193191869,40.04056278497325,116-140,,342.2728193191869,,40.04056278497325,,,0.15811388300841897,
J4K5standalone_kanGrad,3x,1,10,116-140,369.75829197711465,67.52603544290099,116-140,,369.75829197711465,,67.52603544290099,,,0.15811388300841897,
J4K5standalone_kanGrad,3x,2,0,116-140,310.4964722925029,0.0,116-140,,310.4964722925029,,0.0,,,0.15811388300841897,
J4K5standalone_kanGrad,3x,2,2,116-140,311.78498347274683,1.2885111802439155,116-140,,311.78498347274683,,1.2885111802439155,,,0.15811388300841897,
J4K5standalone_kanGrad,3x,2,4,116-140,319.7001501249604,9.203677832457458,116-140,,319.7001501249604,,9.203677832457458,,,0.15811388300841897,
J4K5standalone_kanGrad,3x,2,6,116-140,330.45667378840125,19.960201495898332,116-140,,330.45667378840125,,19.960201495898332,,,0.15811388300841897,
J4K5standalone_kanGrad,3x,2,8,116-140,349.03708515015586,38.540612857652945,116-140,,349.03708515015586,,38.540612857652945,,,0.15811388300841897,
J4K5standalone_kanGrad,3x,2,10,116-140,363.80571253044695,53.30924023794404,116-140,,363.80571253044695,,53.30924023794404,,,0.15811388300841897,
J4K5standalone_kanGrad,3x,3,0,116-140,320.6812400996953,0.0,116-140,,320.6812400996953,,0.0,,,0.15811388300841897,
J4K5standalone_kanGrad,3x,3,2,116-140,323.2019710581294,2.5207309584341147,116-140,,323.2019710581294,,2.5207309584341147,,,0.15811388300841897,
J4K5standalone_kanGrad,3x,3,4,116-140,331.95916169508814,11.277921595392854,116-140,,331.95916169508814,,11.277921595392854,,,0.15811388300841897,
J4K5standalone_kanGrad,3x,3,6,116-140,343.57382994736986,22.89258984767457,116-140,,343.57382994736986,,22.89258984767457,,,0.15811388300841897,
J4K5standalone_kanGrad,3x,3,8,116-140,359.614194403108,38.932954303412714,116-140,,359.614194403108,,38.932954303412714,,,0.15811388300841897,
J4K5standalone_kanGrad,3x,3,10,116-140,382.4456081082033,61.76436800850803,116-140,,382.4456081082033,,61.76436800850803,,,0.15811388300841897,
J4K5standalone_kanGrad,10x,1,0,116-140,232.24438267933425,0.0,116-140,,232.24438267933425,,0.0,,,0.5,
J4K5standalone_kanGrad,10x,1,2,116-140,230.67438429517173,-1.569998384162517,116-140,,230.67438429517173,,-1.569998384162517,,,0.5,
J4K5standalone_kanGrad,10x,1,4,116-140,242.59872528087664,10.354342601542385,116-140,,242.59872528087664,,10.354342601542385,,,0.5,
J4K5standalone_kanGrad,10x,1,6,116-140,252.84605620322222,20.601673523887968,116-140,,252.84605620322222,,20.601673523887968,,,0.5,
J4K5standalone_kanGrad,10x,1,8,116-140,271.5684381849124,39.324055505578144,116-140,,271.5684381849124,,39.324055505578144,,,0.5,
J4K5standalone_kanGrad,10x,1,10,116-140,292.96676467254554,60.722381993211286,116-140,,292.96676467254554,,60.722381993211286,,,0.5,
J4K5standalone_kanGrad,10x,2,0,116-140,251.63997682696558,0.0,116-140,,251.63997682696558,,0.0,,,0.5,
J4K5standalone_kanGrad,10x,2,2,116-140,252.9524110687747,1.3124342418091146,116-140,,252.9524110687747,,1.3124342418091146,,,0.5,
J4K5standalone_kanGrad,10x,2,4,116-140,257.407853662307,5.767876835341411,116-140,,257.407853662307,,5.767876835341411,,,0.5,
J4K5standalone_kanGrad,10x,2,6,116-140,269.8834728547345,18.24349602776894,116-140,,269.8834728547345,,18.24349602776894,,,0.5,
J4K5standalone_kanGrad,10x,2,8,116-140,282.9860025117312,31.346025684765635,116-140,,282.9860025117312,,31.346025684765635,,,0.5,
J4K5standalone_kanGrad,10x,2,10,116-140,294.88214447141354,43.24216764444796,116-140,,294.88214447141354,,43.24216764444796,,,0.5,
J4K5standalone_kanGrad,10x,3,0,116-140,249.8778279178315,0.0,116-140,,249.8778279178315,,0.0,,,0.5,
J4K5standalone_kanGrad,10x,3,2,116-140,249.168783783135,-0.7090441346964838,116-140,,249.168783783135,,-0.7090441346964838,,,0.5,
J4K5standalone_kanGrad,10x,3,4,116-140,253.68901449893363,3.8111865811021346,116-140,,253.68901449893363,,3.8111865811021346,,,0.5,
J4K5standalone_kanGrad,10x,3,6,116-140,263.8313536358126,13.953525717981108,116-140,,263.8313536358126,,13.953525717981108,,,0.5,
J4K5standalone_kanGrad,10x,3,8,116-140,284.5439452167582,34.66611729892668,116-140,,284.5439452167582,,34.66611729892668,,,0.5,
J4K5standalone_kanGrad,10x,3,10,116-140,315.35213556977226,65.47430765194076,116-140,,315.35213556977226,,65.47430765194076,,,0.5,
J4K5standalone_kanGrad,30x,1,0,116-140,293.8699888609304,0.0,116-140,,293.8699888609304,,0.0,,,1.5811388300841898,
J4K5standalone_kanGrad,30x,1,2,116-140,295.0858931002596,1.2159042393292339,116-140,,295.0858931002596,,1.2159042393292339,,,1.5811388300841898,
J4K5standalone_kanGrad,30x,1,4,116-140,298.3096133781845,4.439624517254117,116-140,,298.3096133781845,,4.439624517254117,,,1.5811388300841898,
J4K5standalone_kanGrad,30x,1,6,116-140,306.49598217753083,12.625993316600443,116-140,,306.49598217753083,,12.625993316600443,,,1.5811388300841898,
J4K5standalone_kanGrad,30x,1,8,116-140,327.7924742689449,33.922485408014495,116-140,,327.7924742689449,,33.922485408014495,,,1.5811388300841898,
J4K5standalone_kanGrad,30x,1,10,116-140,351.9220999474717,58.05211108654129,116-140,,351.9220999474717,,58.05211108654129,,,1.5811388300841898,
J4K5standalone_kanGrad,30x,2,0,116-140,290.614701071002,0.0,116-140,,290.614701071002,,0.0,,,1.5811388300841898,
J4K5standalone_kanGrad,30x,2,2,116-140,293.90061731297993,3.2859162419779295,116-140,,293.90061731297993,,3.2859162419779295,,,1.5811388300841898,
J4K5standalone_kanGrad,30x,2,4,116-140,297.9850296500883,7.3703285790862765,116-140,,297.9850296500883,,7.3703285790862765,,,1.5811388300841898,
J4K5standalone_kanGrad,30x,2,6,116-140,312.86178090100793,22.24707983000593,116-140,,312.86178090100793,,22.24707983000593,,,1.5811388300841898,
J4K5standalone_kanGrad,30x,2,8,116-140,331.4530576114722,40.838356540470215,116-140,,331.4530576114722,,40.838356540470215,,,1.5811388300841898,
J4K5standalone_kanGrad,30x,2,10,116-140,356.9386853624599,66.32398429145792,116-140,,356.9386853624599,,66.32398429145792,,,1.5811388300841898,
J4K5standalone_kanGrad,30x,3,0,116-140,285.63808918756973,0.0,116-140,,285.63808918756973,,0.0,,,1.5811388300841898,
J4K5standalone_kanGrad,30x,3,2,116-140,291.8955316363775,6.257442448807751,116-140,,291.8955316363775,,6.257442448807751,,,1.5811388300841898,
J4K5standalone_kanGrad,30x,3,4,116-140,299.39855893216156,13.76046974459183,116-140,,299.39855893216156,,13.76046974459183,,,1.5811388300841898,
J4K5standalone_kanGrad,30x,3,6,116-140,312.64008227976854,27.001993092198802,116-140,,312.64008227976854,,27.001993092198802,,,1.5811388300841898,
J4K5standalone_kanGrad,30x,3,8,116-140,336.91475751704576,51.276668329476024,116-140,,336.91475751704576,,51.276668329476024,,,1.5811388300841898,
J4K5standalone_kanGrad,30x,3,10,116-140,355.81115423592445,70.17306504835472,116-140,,355.81115423592445,,70.17306504835472,,,1.5811388300841898,
J4K5standalone_kanGrad,100x,1,0,116-140,309.2707858024355,0.0,116-140,,309.2707858024355,,0.0,,,5.0,
J4K5standalone_kanGrad,100x,1,2,116-140,313.8399568578226,4.5691710553870735,116-140,,313.8399568578226,,4.5691710553870735,,,5.0,
J4K5standalone_kanGrad,100x,1,4,116-140,322.39818305182627,13.127397249390754,116-140,,322.39818305182627,,13.127397249390754,,,5.0,
J4K5standalone_kanGrad,100x,1,6,116-140,331.50744317577886,22.23665737334335,116-140,,331.50744317577886,,22.23665737334335,,,5.0,
J4K5standalone_kanGrad,100x,1,8,116-140,354.1982179807092,44.927432178273705,116-140,,354.1982179807092,,44.927432178273705,,,5.0,
J4K5standalone_kanGrad,100x,1,10,116-140,370.76840837215946,61.497622569723944,116-140,,370.76840837215946,,61.497622569723944,,,5.0,
J4K5standalone_kanGrad,100x,2,0,116-140,326.47192807876695,0.0,116-140,,326.47192807876695,,0.0,,,5.0,
J4K5standalone_kanGrad,100x,2,2,116-140,329.05573185953324,2.5838037807662886,116-140,,329.05573185953324,,2.5838037807662886,,,5.0,
J4K5standalone_kanGrad,100x,2,4,116-140,334.2301359776194,7.758207898852447,116-140,,334.2301359776194,,7.758207898852447,,,5.0,
J4K5standalone_kanGrad,100x,2,6,116-140,343.9415085123636,17.46958043359666,116-140,,343.9415085123636,,17.46958043359666,,,5.0,
J4K5standalone_kanGrad,100x,2,8,116-140,360.2903755682625,33.818447489495554,116-140,,360.2903755682625,,33.818447489495554,,,5.0,
J4K5standalone_kanGrad,100x,2,10,116-140,356.3356227597339,29.863694680966944,116-140,,356.3356227597339,,29.863694680966944,,,5.0,
J4K5standalone_kanGrad,100x,3,0,116-140,352.61075572055546,0.0,116-140,,352.61075572055546,,0.0,,,5.0,
J4K5standalone_kanGrad,100x,3,2,116-140,353.55958055414106,0.9488248335856042,116-140,,353.55958055414106,,0.9488248335856042,,,5.0,
J4K5standalone_kanGrad,100x,3,4,116-140,360.1265757711144,7.515820050558943,116-140,,360.1265757711144,,7.515820050558943,,,5.0,
J4K5standalone_kanGrad,100x,3,6,116-140,377.15718238539023,24.54642666483477,116-140,,377.15718238539023,,24.54642666483477,,,5.0,
J4K5standalone_kanGrad,100x,3,8,116-140,393.45867512950275,40.84791940894729,116-140,,393.45867512950275,,40.84791940894729,,,5.0,
J4K5standalone_kanGrad,100x,3,10,116-140,394.17483759876086,41.5640818782054,116-140,,394.17483759876086,,41.5640818782054,,,5.0,
